ID,Neighborhood,Total Jobs,Total Jobs Change,Number of jobs in NAICS sector 22 (Utilities),Change Utilities,Number of jobs in NAICS sector 23 (Construction),Change Construction,Number of jobs in NAICS sector 31-33 (Manufacturing),Change Manufacturing,Number of jobs in NAICS sector 42 (Wholesale Trade),Change Wholesale Trade,Number of jobs in NAICS sector 44-45 (Retail Trade),Change Retail Trade,Number of jobs in NAICS sector 48-49 (Transportation and Warehousing),Change Transportation and Warehousing,Number of jobs in NAICS sector 51 (Information),Change Information,Number of jobs in NAICS sector 52 (Finance and Insurance),Change Finance and Insurance,Number of jobs in NAICS sector 53 (Real Estate and Rental and Leasing),Change Real Estate and Leasing,"Number of jobs in NAICS sector 54 (Professional, Scientific, and Technical Services)",Change Professional Services,Number of jobs in NAICS sector 55 (Management of Companies and Enterprises),Change Management,Number of jobs in NAICS sector 56 (Administrative and Support and Waste Management and Remediation Services),Change Waste Management,Number of jobs in NAICS sector 61 (Educational Services),Change Educational Services,Number of jobs in NAICS sector 62 (Health Care and Social Assistance),Change Health Care,"Number of jobs in NAICS sector 71 (Arts, Entertainment, and Recreation)",Change Arts and Rec,Number of jobs in NAICS sector 72 (Accommodation and Food Services),Change Accomodation and Food Service,Number of jobs in NAICS sector 81 (Other Services [except Public Administration]),Change Other Services
1,Adams-Normandie,2786,-451,9,0,81,-3,149,-10,126,-8,277,-28,99,-8,136,-45,94,3,68,-5,168,-15,43,-3,236,-24,235,-52,476,-29,77,-30,363,-152,149,-42
2,Alsace,4834,-825,7,0,157,-6,235,-16,164,-10,564,-56,181,-14,293,-97,135,4,113,-8,346,-31,59,-4,405,-41,335,-74,734,-44,126,-49,751,-315,229,-64
3,Angeles National Forest,132,-20,0,0,6,0,8,-1,4,0,13,-1,1,0,4,-1,4,0,6,0,11,-1,2,0,6,-1,9,-2,29,-2,7,-3,13,-5,9,-3
4,Angelino Heights,1094,-205,4,0,30,-1,46,-3,39,-2,81,-8,20,-2,150,-50,39,1,23,-2,112,-10,9,-1,85,-9,96,-21,133,-8,45,-18,142,-60,40,-11
5,Arleta,12668,-1734,83,2,781,-31,1367,-96,562,-34,1531,-153,374,-30,497,-164,367,11,247,-17,585,-53,165,-10,1040,-104,869,-191,2327,-140,208,-81,1267,-532,398,-111
6,Atwater Village,5326,-912,25,1,142,-6,277,-19,205,-12,469,-47,106,-8,739,-244,197,6,108,-8,446,-40,82,-5,317,-32,440,-97,863,-52,166,-65,541,-227,203,-57
7,Baldwin Hills,11797,-1837,53,1,257,-10,424,-30,355,-21,1116,-112,565,-45,829,-274,375,11,250,-18,792,-71,135,-8,1115,-112,1078,-237,2454,-147,329,-128,1203,-505,467,-131
8,Bel Air,3010,-488,9,0,82,-3,137,-10,182,-11,225,-23,65,-5,371,-122,139,4,81,-6,352,-32,50,-3,155,-16,261,-57,426,-26,98,-38,242,-102,135,-38
9,Beverly Crest,4745,-832,14,0,90,-4,194,-14,217,-13,371,-37,77,-6,794,-262,194,6,143,-10,571,-51,56,-3,272,-27,371,-82,608,-36,201,-78,392,-165,180,-50
10,Beverlywood,5435,-945,14,0,104,-4,203,-14,218,-13,414,-41,105,-8,741,-245,226,7,133,-9,725,-65,69,-4,288,-29,451,-99,748,-45,228,-89,512,-215,256,-72
11,Boyle Heights,27123,-3956,162,3,993,-40,2676,-187,1816,-109,3186,-319,1210,-97,832,-275,684,21,431,-30,1286,-116,419,-25,2272,-227,1964,-432,4387,-263,555,-216,3245,-1363,1005,-281
12,Brentwood,13925,-2362,37,1,302,-12,565,-40,560,-34,910,-91,219,-18,2268,-748,754,23,438,-31,2075,-187,207,-12,697,-70,1134,-249,1664,-100,519,-202,1074,-451,502,-141
13,Cadillac-Corning,3064,-546,18,0,64,-3,110,-8,105,-6,324,-32,76,-6,283,-93,92,3,82,-6,258,-23,47,-3,230,-23,221,-49,454,-27,90,-35,459,-193,151,-42
14,Canoga Park,25365,-3699,88,2,1052,-42,1797,-126,995,-60,2820,-282,482,-39,1848,-610,1466,44,571,-40,2102,-189,396,-24,1903,-190,1584,-348,4252,-255,534,-208,2564,-1077,911,-255
15,Carthay,7367,-1340,11,0,126,-5,200,-14,258,-15,500,-50,134,-11,1384,-457,300,9,210,-15,953,-86,97,-6,400,-40,493,-108,1044,-63,292,-114,675,-284,290,-81
16,Central,10435,-1505,28,1,383,-15,1206,-84,770,-46,1271,-127,445,-36,191,-63,225,7,208,-15,468,-42,130,-8,1006,-101,704,-155,1504,-90,195,-76,1275,-536,426,-119
17,Century City,6658,-1235,15,0,111,-4,183,-13,186,-11,365,-37,81,-6,1539,-508,367,11,188,-13,944,-85,101,-6,359,-36,526,-116,718,-43,249,-97,484,-203,242,-68
18,Century Palms/Cove,10369,-1457,46,1,405,-16,1055,-74,565,-34,1053,-105,806,-64,185,-61,194,6,175,-12,339,-31,136,-8,1177,-118,697,-153,1777,-107,181,-71,1199,-504,379,-106
19,Chatsworth,18312,-2664,112,2,716,-29,1454,-102,810,-49,1700,-170,391,-31,1409,-465,1053,32,396,-28,1383,-124,255,-15,1141,-114,1571,-346,3209,-193,414,-161,1623,-682,675,-189
20,Cheviot Hills,3661,-614,8,0,69,-3,149,-10,151,-9,250,-25,52,-4,548,-181,192,6,115,-8,573,-52,52,-3,174,-17,326,-72,452,-27,124,-48,300,-126,126,-35
21,Chinatown,3410,-536,19,0,59,-2,227,-16,184,-11,282,-28,76,-6,188,-62,127,4,52,-4,270,-24,42,-3,202,-20,169,-37,799,-48,85,-33,497,-209,132,-37
22,Cloverdale/Cochran,5533,-923,30,1,159,-6,254,-18,188,-11,583,-58,184,-15,420,-139,170,5,136,-10,381,-34,74,-4,457,-46,427,-94,923,-55,145,-57,723,-304,279,-78
23,Country Club Park,6023,-997,24,0,131,-5,259,-18,371,-22,607,-61,177,-14,569,-188,235,7,147,-10,513,-46,95,-6,363,-36,450,-99,919,-55,157,-61,726,-305,280,-78
24,Crenshaw District,5718,-932,42,1,134,-5,245,-17,196,-12,550,-55,267,-21,383,-126,159,5,133,-9,404,-36,58,-3,448,-45,568,-125,1040,-62,168,-66,697,-293,226,-63
25,Crestview,5289,-928,11,0,105,-4,145,-10,196,-12,407,-41,119,-10,737,-243,218,7,126,-9,591,-53,70,-4,340,-34,473,-104,801,-48,193,-75,545,-229,212,-59
26,Del Rey,12882,-2190,52,1,296,-12,589,-41,509,-31,1137,-114,361,-29,1564,-516,503,15,354,-25,1592,-143,186,-11,816,-82,1148,-253,1562,-94,360,-140,1397,-587,456,-128
27,Downtown,13709,-2166,97,2,328,-13,822,-58,777,-47,1110,-111,330,-26,1469,-485,759,23,305,-21,1776,-160,245,-15,961,-96,933,-205,1564,-94,408,-159,1354,-569,471,-132
28,Eagle Rock,18028,-2970,153,3,479,-19,886,-62,719,-43,1553,-155,439,-35,1957,-646,728,22,334,-23,1413,-127,237,-14,1077,-108,1805,-397,3198,-192,532,-207,1868,-785,650,-182
29,East Hollywood,11538,-1974,20,0,259,-10,472,-33,420,-25,1176,-118,292,-23,1080,-356,368,11,272,-19,870,-78,161,-10,792,-79,683,-150,2209,-133,311,-121,1627,-683,526,-147
30,Echo Park,7024,-1323,50,1,156,-6,334,-23,228,-14,513,-51,152,-12,1183,-390,217,7,143,-10,660,-59,103,-6,404,-40,615,-135,885,-53,302,-118,799,-336,280,-78
31,El Sereno,18873,-2865,188,4,587,-23,1306,-91,959,-58,1900,-190,700,-56,885,-292,712,21,315,-22,1240,-112,285,-17,1299,-130,1987,-437,3224,-193,448,-175,2135,-897,703,-197
32,Elysian Park,2343,-403,7,0,40,-2,118,-8,118,-7,196,-20,64,-5,226,-75,73,2,37,-3,210,-19,31,-2,137,-14,153,-34,446,-27,75,-29,322,-135,90,-25
33,Elysian Valley,4126,-659,27,1,112,-4,237,-17,211,-13,427,-43,122,-10,312,-103,148,4,74,-5,273,-25,41,-2,297,-30,326,-72,749,-45,93,-36,493,-207,184,-52
34,Encino,23089,-3854,60,1,629,-25,895,-63,805,-48,1812,-181,355,-28,3565,-1176,1115,33,615,-43,2480,-223,322,-19,1292,-129,1739,-383,3869,-232,786,-307,1867,-784,883,-247
35,Exposition,1831,-304,4,0,42,-2,91,-6,60,-4,193,-19,74,-6,105,-35,63,2,49,-3,117,-11,24,-1,145,-15,168,-37,307,-18,56,-22,243,-102,90,-25
36,Exposition Park,13924,-2205,64,1,405,-16,852,-60,608,-36,1501,-150,585,-47,515,-170,376,11,306,-21,708,-64,201,-12,1365,-137,1120,-246,2423,-145,353,-138,1881,-790,661,-185
37,Faircrest Heights,1311,-219,9,0,30,-1,66,-5,47,-3,113,-11,48,-4,124,-41,48,1,26,-2,129,-12,17,-1,107,-11,105,-23,189,-11,56,-22,131,-55,66,-18
38,Figueroa Park Square,3900,-568,12,0,142,-6,295,-21,167,-10,398,-40,282,-23,96,-32,83,2,63,-4,162,-15,38,-2,421,-42,305,-67,762,-46,82,-32,454,-191,138,-39
39,Florence-Firestone,16100,-2306,33,1,603,-24,1739,-122,1046,-63,1807,-181,966,-77,280,-92,293,9,270,-19,594,-53,209,-13,1760,-176,1019,-224,2597,-156,317,-124,1952,-820,615,-172
40,Glassell Park,13413,-2198,113,2,375,-15,804,-56,581,-35,1225,-123,374,-30,1308,-432,464,14,221,-15,962,-87,197,-12,836,-84,1124,-247,2393,-144,400,-156,1480,-622,556,-156
41,Gramercy Place,4070,-589,40,1,101,-4,189,-13,116,-7,383,-38,313,-25,156,-51,100,3,78,-5,175,-16,47,-3,424,-42,460,-101,871,-52,104,-41,369,-155,144,-40
42,Granada Hills,31970,-4683,275,6,1480,-59,2774,-194,1271,-76,3281,-328,848,-68,2070,-683,1140,34,552,-39,1931,-174,415,-25,2110,-211,3049,-671,5954,-357,712,-278,2932,-1231,1176,-329
43,Green Meadows,6716,-948,22,0,281,-11,681,-48,421,-25,745,-75,430,-34,118,-39,123,4,127,-9,238,-21,85,-5,722,-72,426,-94,1133,-68,115,-45,808,-339,241,-67
44,Hancock Park,7111,-1254,29,1,123,-5,250,-18,323,-19,572,-57,118,-9,1315,-434,364,11,189,-13,783,-70,105,-6,386,-39,484,-106,935,-56,229,-89,655,-275,251,-70
45,Harbor City,11828,-1621,58,1,447,-18,1181,-83,666,-40,1248,-125,1232,-99,260,-86,307,9,244,-17,668,-60,180,-11,828,-83,890,-196,1801,-108,230,-90,1220,-512,368,-103
46,Harbor Gateway,18245,-2585,95,2,744,-30,1978,-138,965,-58,1968,-197,1329,-106,436,-144,460,14,358,-25,951,-86,239,-14,1628,-163,1236,-272,2734,-164,379,-148,2052,-862,693,-194
47,Harbor Pines,1011,-138,8,0,49,-2,106,-7,53,-3,105,-11,119,-10,23,-8,20,1,16,-1,59,-5,20,-1,74,-7,82,-18,128,-8,17,-7,100,-42,32,-9
48,Harvard Heights,5897,-961,15,0,156,-6,352,-25,289,-17,677,-68,228,-18,248,-82,184,6,141,-10,310,-28,73,-4,501,-50,385,-85,996,-60,129,-50,886,-372,327,-92
49,Harvard Park,13303,-1987,57,1,431,-17,948,-66,610,-37,1471,-147,782,-63,351,-116,308,9,282,-20,585,-53,172,-10,1359,-136,974,-214,2439,-146,253,-99,1671,-702,610,-171
50,Highland Park,19167,-3093,128,3,568,-23,1104,-77,869,-52,2008,-201,560,-45,1516,-500,657,20,347,-24,1318,-119,282,-17,1291,-129,1860,-409,3208,-192,515,-201,2177,-914,759,-213
51,Historic Filipinotown,6692,-1073,23,0,161,-6,334,-23,320,-19,672,-67,156,-12,470,-155,194,6,147,-10,467,-42,84,-5,534,-53,426,-94,1370,-82,154,-60,861,-362,319,-89
52,Hollywood,35279,-6945,71,1,611,-24,1054,-74,1058,-63,2658,-266,586,-47,7061,-2330,1168,35,872,-61,3557,-320,433,-26,2231,-223,1974,-434,4605,-276,1410,-550,4479,-1881,1451,-406
53,Hollywood Hills,15475,-3198,38,1,243,-10,411,-29,449,-27,923,-92,205,-16,4468,-1474,543,16,355,-25,1685,-152,152,-9,803,-80,944,-208,1671,-100,688,-268,1385,-582,512,-143
54,Hyde Park,10452,-1571,92,2,248,-10,478,-33,372,-22,1013,-101,651,-52,459,-151,277,8,201,-14,512,-46,114,-7,1030,-103,934,-205,2219,-133,244,-95,1139,-478,469,-131
55,Jefferson Park,3172,-515,12,0,85,-3,161,-11,115,-7,329,-33,118,-9,196,-65,92,3,88,-6,207,-19,42,-3,256,-26,282,-62,557,-33,80,-31,395,-166,157,-44
56,Koreatown,18018,-2962,39,1,409,-16,865,-61,1027,-62,1928,-193,498,-40,1176,-388,719,22,503,-35,1432,-129,259,-16,1375,-138,1017,-224,2875,-173,430,-168,2658,-1116,808,-226
57,Lafayette Square,1733,-307,8,0,37,-1,51,-4,63,-4,174,-17,58,-5,174,-57,55,2,44,-3,121,-11,20,-1,132,-13,126,-28,296,-18,48,-19,256,-108,70,-20
58,Lake Balboa,16343,-2608,69,1,636,-25,847,-59,622,-37,1726,-173,352,-28,1765,-582,640,19,362,-25,1243,-112,219,-13,1126,-113,1188,-261,2847,-171,418,-163,1621,-681,662,-185
59,Lakeview Terrace,5907,-855,48,1,318,-13,506,-35,242,-15,625,-63,194,-16,370,-122,196,6,104,-7,324,-29,72,-4,435,-44,491,-108,1089,-65,122,-48,555,-233,216,-60
60,Leimert Park,6238,-945,49,1,137,-5,283,-20,192,-12,591,-59,324,-26,387,-128,200,6,127,-9,340,-31,95,-6,526,-53,651,-143,1340,-80,146,-57,608,-255,242,-68
61,Lincoln Heights,12306,-1916,78,2,345,-14,986,-69,650,-39,1241,-124,414,-33,598,-197,408,12,228,-16,723,-65,190,-11,855,-86,1014,-223,2207,-132,299,-117,1602,-673,468,-131
62,Little Armenia,3042,-522,10,0,76,-3,115,-8,91,-5,290,-29,63,-5,286,-94,89,3,78,-5,221,-20,53,-3,202,-20,164,-36,632,-38,98,-38,433,-182,141,-39
63,Little Bangladesh,10705,-1726,26,1,210,-8,445,-31,627,-38,1230,-123,313,-25,694,-229,444,13,278,-19,920,-83,210,-13,782,-78,572,-126,1708,-102,292,-114,1456,-612,498,-139
64,Little Tokyo,1433,-237,8,0,38,-2,72,-5,78,-5,111,-11,46,-4,141,-47,67,2,29,-2,140,-13,25,-2,105,-11,93,-20,214,-13,43,-17,176,-74,47,-13
65,Longwood,1466,-242,8,0,27,-1,60,-4,43,-3,155,-16,45,-4,106,-35,45,1,34,-2,129,-12,25,-2,105,-11,116,-26,273,-16,39,-15,177,-74,79,-22
66,Los Feliz,11715,-2239,40,1,199,-8,325,-23,401,-24,779,-78,186,-15,2627,-867,409,12,253,-18,1258,-113,148,-9,613,-61,824,-181,1676,-101,467,-182,1069,-449,441,-123
67,Manchester Square,3336,-492,33,1,81,-3,162,-11,116,-7,325,-33,243,-19,128,-42,73,2,70,-5,150,-14,49,-3,328,-33,334,-73,696,-42,79,-31,340,-143,129,-36
68,Mandeville Canyon,1134,-179,1,0,44,-2,45,-3,37,-2,95,-10,22,-2,131,-43,68,2,32,-2,159,-14,24,-1,56,-6,106,-23,145,-9,51,-20,75,-32,43,-12
69,Mar Vista,22811,-4088,66,1,477,-19,756,-53,744,-45,1757,-176,452,-36,3483,-1149,974,29,646,-45,3182,-286,307,-18,1170,-117,2257,-497,2568,-154,751,-293,2346,-985,875,-245
70,Marina Peninsula,1790,-311,2,0,45,-2,77,-5,66,-4,138,-14,47,-4,281,-93,81,2,55,-4,265,-24,27,-2,104,-10,163,-36,171,-10,61,-24,161,-68,46,-13
71,Melrose,35167,-6537,75,2,714,-29,1180,-83,1347,-81,3084,-308,649,-52,5709,-1884,1240,37,897,-63,3451,-311,452,-27,2207,-221,2034,-447,4913,-295,1244,-485,4412,-1853,1559,-437
72,Mid-city,6788,-1239,17,0,129,-5,214,-15,181,-11,561,-56,190,-15,1143,-377,259,8,158,-11,663,-60,86,-5,458,-46,555,-122,958,-57,231,-90,723,-304,262,-73
73,Miracle Mile,10179,-1934,27,1,128,-5,273,-19,333,-20,719,-72,150,-12,2283,-753,381,11,258,-18,1286,-116,135,-8,585,-59,654,-144,1278,-77,426,-166,881,-370,382,-107
74,Mission Hills,9784,-1422,52,1,497,-20,842,-59,399,-24,1102,-110,282,-23,516,-170,358,11,188,-13,486,-44,147,-9,727,-73,795,-175,1809,-109,170,-66,1024,-430,390,-109
75,Mt. Washington,9792,-1577,64,1,334,-13,692,-48,480,-29,957,-96,322,-26,851,-281,343,10,168,-12,652,-59,119,-7,654,-65,899,-198,1529,-92,283,-110,1054,-443,391,-109
76,North Hills,21567,-3124,90,2,1093,-44,1708,-120,839,-50,2609,-261,543,-43,1227,-405,768,23,463,-32,1199,-108,311,-19,1605,-161,1364,-300,4209,-253,398,-155,2276,-956,865,-242
77,North Hollywood,67359,-11664,243,5,2132,-85,3509,-246,2307,-138,6484,-648,1409,-113,9614,-3173,2067,62,1505,-105,4790,-431,798,-48,4545,-455,4156,-914,11610,-697,1964,-766,7494,-3147,2732,-765
78,Northridge,28098,-4295,167,3,1040,-42,1778,-124,1080,-65,2841,-284,648,-52,1964,-648,1218,37,597,-42,2065,-186,416,-25,1808,-181,2869,-631,4976,-299,699,-273,2732,-1147,1200,-336
79,Pacific Palisades,7603,-1303,12,0,177,-7,285,-20,298,-18,574,-57,142,-11,1196,-395,382,11,258,-18,1019,-92,114,-7,396,-40,669,-147,881,-53,274,-107,593,-249,333,-93
80,Pacoima,27047,-3705,122,2,1923,-77,3542,-248,1173,-70,3100,-310,873,-70,900,-297,692,21,506,-35,1102,-99,332,-20,2206,-221,1893,-416,4560,-274,421,-164,2787,-1171,915,-256
81,Palisades Highlands,1833,-295,1,0,38,-2,87,-6,72,-4,144,-14,26,-2,204,-67,87,3,49,-3,266,-24,29,-2,116,-12,184,-40,244,-15,68,-27,134,-56,84,-24
82,Palms,20364,-3582,72,1,338,-14,691,-48,614,-37,1505,-151,451,-36,2896,-956,851,26,535,-37,2898,-261,282,-17,1219,-122,2118,-466,2460,-148,644,-251,2028,-852,762,-213
83,Panorama City,27399,-3899,116,2,1414,-57,2314,-162,1040,-62,3274,-327,792,-63,1097,-362,800,24,560,-39,1432,-129,311,-19,2214,-221,1545,-340,5821,-349,506,-197,3091,-1298,1072,-300
84,Park La Brea,5035,-908,9,0,84,-3,144,-10,184,-11,362,-36,87,-7,846,-279,232,7,145,-10,639,-58,78,-5,310,-31,325,-72,668,-40,204,-80,515,-216,203,-57
85,Pico-Union,12703,-2082,34,1,405,-16,807,-56,699,-42,1559,-156,407,-33,604,-199,374,11,314,-22,688,-62,168,-10,1072,-107,781,-172,1926,-116,276,-108,1926,-809,663,-186
86,Playa Del Rey,1488,-249,9,0,37,-1,80,-6,63,-4,102,-10,58,-5,219,-72,77,2,40,-3,224,-20,21,-1,76,-8,127,-28,144,-9,35,-14,142,-60,34,-10
87,Playa Vista,4579,-752,14,0,102,-4,243,-17,181,-11,345,-35,130,-10,618,-204,203,6,120,-8,752,-68,63,-4,249,-25,439,-97,477,-29,125,-49,369,-155,149,-42
88,Porter Ranch,14520,-2159,85,2,490,-20,926,-65,601,-36,1296,-130,323,-26,1250,-413,784,24,325,-23,1262,-114,206,-12,837,-84,1435,-316,2628,-158,317,-124,1230,-517,525,-147
89,Rancho Park,2689,-480,9,0,56,-2,79,-6,96,-6,192,-19,50,-4,477,-157,118,4,84,-6,356,-32,38,-2,129,-13,264,-58,319,-19,109,-43,215,-90,98,-27
90,Regent Square,1816,-315,5,0,40,-2,85,-6,70,-4,181,-18,66,-5,179,-59,48,1,41,-3,163,-15,25,-2,124,-12,152,-33,266,-16,60,-23,222,-93,89,-25
91,Reseda,32039,-4765,94,2,1328,-53,1973,-138,1251,-75,3609,-361,712,-57,2171,-716,1346,40,672,-47,2335,-210,467,-28,2304,-230,2143,-471,6294,-378,697,-272,3361,-1412,1282,-359
92,Reseda Ranch,2354,-338,13,0,103,-4,123,-9,98,-6,264,-26,51,-4,141,-47,110,3,39,-3,172,-15,44,-3,193,-19,140,-31,483,-29,47,-18,243,-102,90,-25
93,Reynier Village,2347,-418,6,0,47,-2,99,-7,81,-5,216,-22,58,-5,294,-97,81,2,62,-4,258,-23,42,-3,169,-17,219,-48,275,-17,76,-30,272,-114,92,-26
94,San Pedro,30995,-4344,212,4,1302,-52,2419,-169,1441,-86,3273,-327,4049,-324,743,-245,813,24,799,-56,1747,-157,528,-32,2058,-206,2463,-542,4165,-250,665,-259,3266,-1372,1052,-295
95,Shadow Hills,1902,-306,15,0,108,-4,119,-8,65,-4,162,-16,37,-3,287,-95,78,2,39,-3,164,-15,23,-1,117,-12,131,-29,296,-18,68,-27,138,-58,55,-15
96,Sherman Oaks,48459,-9038,140,3,1185,-47,1627,-114,1423,-85,3460,-346,722,-58,10673,-3522,1941,58,1208,-85,4931,-444,631,-38,2703,-270,3421,-753,6695,-402,1784,-696,4156,-1746,1759,-493
97,Silverlake,22299,-4208,92,2,449,-18,882,-62,798,-48,1673,-167,454,-36,4350,-1436,778,23,472,-33,2150,-194,279,-17,1333,-133,1719,-378,2863,-172,803,-313,2350,-987,854,-239
98,South Carthay,4828,-869,13,0,79,-3,128,-9,155,-9,402,-40,88,-7,803,-265,184,6,139,-10,602,-54,76,-5,277,-28,330,-73,679,-41,176,-69,482,-202,215,-60
99,South Park,9194,-1341,41,1,377,-15,1039,-73,537,-32,1046,-105,448,-36,210,-69,187,6,174,-12,359,-32,111,-7,986,-99,535,-118,1418,-85,159,-62,1173,-493,394,-110
100,St Elmo Village,1486,-250,3,0,36,-1,63,-4,68,-4,206,-21,41,-3,76,-25,44,1,34,-2,105,-9,21,-1,131,-13,91,-20,213,-13,37,-14,229,-96,88,-25
101,Studio City,12750,-2573,34,1,235,-9,378,-26,335,-20,782,-78,174,-14,3665,-1209,502,15,297,-21,1265,-114,151,-9,695,-70,784,-172,1463,-88,505,-197,1048,-440,437,-122
102,Sun Valley,24217,-3559,123,2,1205,-48,2215,-155,1005,-60,2744,-274,755,-60,1485,-490,688,21,527,-37,1236,-111,256,-15,1705,-171,1619,-356,4670,-280,501,-195,2534,-1064,949,-266
103,Sunland,11278,-1663,113,2,500,-20,733,-51,413,-25,1021,-102,252,-20,993,-328,388,12,213,-15,783,-70,118,-7,697,-70,900,-198,2542,-153,297,-116,952,-400,363,-102
104,Sylmar,36719,-5306,381,8,2130,-85,4153,-291,1616,-97,3922,-392,1052,-84,2121,-700,1048,31,588,-41,1915,-172,416,-25,2533,-253,3354,-738,5988,-359,780,-304,3438,-1444,1284,-360
105,Tarzana,11834,-1830,36,1,467,-19,519,-36,443,-27,1051,-105,206,-16,1301,-429,543,16,332,-23,1185,-107,154,-9,776,-78,905,-199,2151,-129,356,-139,979,-411,430,-120
106,Temple-Beaudry,12718,-2159,47,1,316,-13,690,-48,576,-35,1215,-122,339,-27,1153,-380,405,12,306,-21,942,-85,196,-12,963,-96,823,-181,2069,-124,340,-133,1720,-722,618,-173
107,Thai Town,4955,-908,11,0,70,-3,165,-12,146,-9,441,-44,112,-9,795,-262,162,5,115,-8,449,-40,41,-2,283,-28,272,-60,904,-54,160,-62,627,-263,202,-57
108,Toluca Lake,4867,-1025,12,0,97,-4,130,-9,138,-8,312,-31,55,-4,1540,-508,132,4,108,-8,454,-41,60,-4,265,-27,262,-58,528,-32,190,-74,415,-174,169,-47
109,Toluca Woods,1546,-311,7,0,47,-2,52,-4,43,-3,108,-11,18,-1,414,-137,41,1,34,-2,151,-14,13,-1,96,-10,94,-21,181,-11,72,-28,123,-52,52,-15
110,Tujunga,12416,-1774,77,2,457,-18,626,-44,455,-27,1222,-122,275,-22,859,-283,444,13,241,-17,894,-80,129,-8,733,-73,969,-213,3229,-194,319,-124,1049,-441,438,-123
111,University Hills,1894,-294,16,0,57,-2,137,-10,109,-7,194,-19,58,-5,101,-33,43,1,28,-2,114,-10,22,-1,153,-15,213,-47,326,-20,51,-20,200,-84,72,-20
112,University Park,6188,-976,20,0,223,-9,431,-30,261,-16,706,-71,203,-16,271,-89,201,6,136,-10,438,-39,92,-6,567,-57,572,-126,869,-52,152,-59,776,-326,270,-76
113,Valley Glen,11950,-2016,22,0,403,-16,589,-41,384,-23,1142,-114,226,-18,1742,-575,357,11,234,-16,831,-75,127,-8,779,-78,785,-173,2367,-142,333,-130,1152,-484,477,-134
114,Valley Village,11095,-2139,18,0,259,-10,369,-26,328,-20,804,-80,184,-15,2552,-842,393,12,236,-17,983,-88,107,-6,642,-64,694,-153,1617,-97,420,-164,1089,-457,400,-112
115,Van Nuys,37031,-5779,105,2,1566,-63,2163,-151,1410,-85,4208,-421,959,-77,3217,-1062,1263,38,872,-61,2353,-212,499,-30,2836,-284,2100,-462,6981,-419,858,-335,4121,-1731,1520,-426
116,Venice,15414,-2809,45,1,288,-12,636,-45,583,-35,1221,-122,357,-29,2580,-851,603,18,458,-32,2208,-199,224,-13,809,-81,1183,-260,1478,-89,554,-216,1654,-695,533,-149
117,Vermont Knolls,6196,-901,38,1,212,-8,404,-28,268,-16,631,-63,436,-35,175,-58,127,4,111,-8,228,-21,63,-4,650,-65,502,-110,1266,-76,135,-53,673,-283,277,-78
118,Vermont Square,2984,-451,16,0,92,-4,215,-15,137,-8,324,-32,167,-13,103,-34,73,2,53,-4,143,-13,48,-3,313,-31,203,-45,515,-31,55,-21,364,-153,163,-46
119,Vermont Vista,11756,-1679,32,1,450,-18,1064,-74,560,-34,1252,-125,778,-62,274,-90,263,8,230,-16,455,-41,137,-8,1308,-131,763,-168,2141,-128,186,-73,1411,-593,452,-127
120,Vernon Central,14556,-2070,45,1,586,-23,1835,-128,1012,-61,1754,-175,765,-61,307,-101,289,9,236,-17,559,-50,167,-10,1474,-147,883,-194,2110,-127,267,-104,1767,-742,500,-140
121,Victoria Park,3025,-508,11,0,69,-3,145,-10,144,-9,324,-32,99,-8,173,-57,100,3,81,-6,204,-18,43,-3,240,-24,212,-47,485,-29,93,-36,433,-182,169,-47
122,View Heights,1943,-306,15,0,38,-2,86,-6,53,-3,162,-16,139,-11,174,-57,46,1,39,-3,165,-15,28,-2,150,-15,199,-44,353,-21,56,-22,163,-68,77,-22
123,Watts,12348,-1710,47,1,498,-20,1306,-91,700,-42,1291,-129,776,-62,214,-71,263,8,225,-16,421,-38,143,-9,1435,-144,732,-161,2223,-133,219,-85,1416,-595,439,-123
124,Wellington Square,2063,-327,10,0,51,-2,95,-7,69,-4,196,-20,52,-4,137,-45,57,2,63,-4,145,-13,35,-2,215,-22,165,-36,396,-24,51,-20,245,-103,81,-23
125,West Adams,9467,-1535,53,1,291,-12,536,-38,378,-23,1040,-104,385,-31,462,-152,249,7,202,-14,496,-45,114,-7,844,-84,722,-159,1669,-100,267,-104,1267,-532,492,-138
126,West Hills,18539,-2768,80,2,745,-30,1137,-80,693,-42,1728,-173,325,-26,1794,-592,1171,35,423,-30,1800,-162,267,-16,1143,-114,1664,-366,2940,-176,434,-169,1531,-643,664,-186
127,West Los Angeles,18612,-3283,52,1,311,-12,573,-40,586,-35,1263,-126,299,-24,3081,-1017,914,27,579,-41,2931,-264,254,-15,1023,-102,1677,-369,2103,-126,617,-241,1726,-725,623,-174
128,West Vernon,19548,-2985,86,2,627,-25,1423,-100,916,-55,2256,-226,976,-78,595,-196,438,13,412,-29,893,-80,242,-15,1977,-198,1282,-282,3491,-209,416,-162,2574,-1081,944,-264
129,Westchester,22980,-3744,118,2,542,-22,1261,-88,800,-48,1696,-170,971,-78,2694,-889,961,29,647,-45,2977,-268,350,-21,1352,-135,2647,-582,2642,-159,639,-249,1927,-809,756,-212
130,Westlake,16909,-2742,35,1,472,-19,1110,-78,920,-55,1809,-181,509,-41,929,-307,566,17,384,-27,1247,-112,294,-18,1448,-145,993,-218,2563,-154,398,-155,2465,-1035,767,-215
131,Westwood,16820,-2956,31,1,315,-13,633,-44,678,-41,1224,-122,303,-24,2482,-819,709,21,436,-31,2077,-187,235,-14,876,-88,1983,-436,2129,-128,542,-211,1522,-639,645,-181
132,Wholesale District,12802,-1950,62,1,385,-15,890,-62,858,-51,1360,-136,478,-38,810,-267,395,12,244,-17,951,-86,192,-12,1085,-109,822,-181,2033,-122,307,-120,1479,-621,451,-126
133,Wilmington,21491,-2980,112,2,1124,-45,2403,-168,1122,-67,2512,-251,2207,-177,327,-108,475,14,397,-28,794,-71,333,-20,1921,-192,1113,-245,2895,-174,339,-132,2580,-1084,837,-234
134,Wilshire Center,18097,-2951,57,1,368,-15,862,-60,1007,-60,1985,-199,503,-40,1271,-419,673,20,457,-32,1403,-126,292,-18,1370,-137,1007,-222,3043,-183,461,-180,2476,-1040,862,-241
135,Winnetka,24417,-3560,92,2,992,-40,1795,-126,870,-52,2687,-269,533,-43,1620,-535,1222,37,527,-37,1880,-169,376,-23,1841,-184,1647,-362,4445,-267,543,-212,2453,-1030,894,-250
136,Woodland Hills,24503,-3709,81,2,898,-36,1179,-83,908,-54,2284,-228,414,-33,2686,-886,1650,50,625,-44,2641,-238,378,-23,1567,-157,2013,-443,3721,-223,697,-272,1912,-803,849,-238
